Name,Phone Number
Kimberlee Turlington,039 298-72-30
Miguel Eveland,032-2659094
Audrie Smid,03758295-10 32
Antonia Maslanka,00594-83-34 93
Val Hoffmeyer,001-859-07-84
Fleta Mckiney,046-30-01-80
Leanna Wedel,0184 425384
Reva Larger,0262-2875
Shelby Prator,0174-1599
Micheal Veronesi,09564 310-6 4
Tyrone Hopton,00718 04608-5
Cheri Batson,06243158218-21
Sol Stockfisch,092409-2 75
Briana Angry,04893-326-429
Elfreda Capron,02091941 2138
Hannah Perloff,089721 796 492
Chanell Neidlinger,01596 197 34-92
Shaniqua Khan,09376715-52 9
Stewart Lenzo,06251 96-5-75
Rosalina Merthie,035490 054 8442
Cher Griswould,026-67-976
Sonia Otsuka,004 20903 95
Benny Graden,05263 82461-31
Cyrus Balius,0089-57289-0
Shanon Kueny,071 20 30 2
Walton Svoboda,089 203-58 03
Daron Gardocki,0351 560-753
Stephine Daum,06831402897-92
Alva Sauvageau,045-5177 0
Silas Scarth,053618 0370517
Diego Schaefer,056872 42-25
Shenita Broxterman,0796-92 7309
Lucas Trischitta,0853-17-7-6
Felisa Burmeister,0702-0676 82
Latricia Fickas,049356 527-27-69
Usha Horsely,039-70-40 60
Augustine Crosswell,0305 20439-38
Kandis Netherland,006978 15 1821
Emile Steenburg,0208 04506
Tomi Minasian,0049 6316259
Rusty Biafore,021069 46 5834
Art Esperanza,095438918516
Keneth Sigg,0235038 8692
Gilda Wilbers,02765 5127872
Marhta Genther,0830294174 0
Vicente Perko,042 542 89 21
Amalia Velie,0233050 4
Bruno Feeley,062375-068-52 89
Frankie Mires,0351 17-40 41
Samual Plattsmier,059-175 871
Alejandro Forquer,04 079-50 17
Isaac Beauchemin,03506038-52-3
Ashley Mckellan,090 8468-1
Jolie Kiflezghie,021-617-69-72
Marna Pullom,009842517 8 1
Chong Kudrick,021-742 25 59
Jamison Severs,085-031-4296
Griselda Levels,03045-193 97-61
Norah Gildow,0246-24-2-17
Renda Houskeeper,0293-06 1
Roselee Gwynn,025368 084-985
Francesco Pera,076019 168 24-53
Janelle Gadberry,030947-48235 46
Riva Richner,070336 25-02
Annamarie Devendorf,068-631-47
Marty Robinson,0596-14 16 24
Glen Raybourn,040720417 13
Candance Lynds,03928 0419690
Houston Ezparza,08073-29 0832
Arnoldo Galamay,0093486 71-1
Lashonda Weidman,0342 156-5 90
Hershel Defilippo,04671037-0180
Bruno Vue,020 1763 14
Leslee Emge,0584 081 8 49
Leon Mondy,04265 804-06-60
Charlie Medel,01-476 20 60
Donnette Lashbrook,0514 806
Alvaro Colfer,047535660 48
Letisha Reindel,013 04679-69
Jake Quinney,01082 7831669
Gayle Avans,029-326 90-62
Jeffery Hansbrough,024 613-28 89
Lenny Redenbaugh,034203 398
Jude Alvey,096582241-8372
Minh Dionisio,0475349 24 27
Huey Twedell,0507-197-0
Jacquie Burbach,0326-58-09 0
Orpha Geiss,02380875348
Denese Escovedo,065 709-86
Demarcus Dittrich,048-0795635
Maximo Micco,06243-39 32 98
Jc Zilnicki,008975 735 2 08
Britt Savin,001-5813 0
Pasty Garbett,07049 16 41
Ernie Hegan,027 249-84-12
Rolland Halsey,093 284 1 45
Stevie Strebeck,01306 963 93-60
Marylin Applegate,09412 572 92-58
Stacia Kelleher,001969147523
Khadijah Rouleau,08596 470 6781
Lincoln Orantes,01276645-83 91
Lindsey Vanvleck,0547-54023-17
Tommie Diviney,098357 184
Domenic Schwiebert,026017054 1 79
Novella Sniezek,0550682 06
Veronika Maisonet,040 645 07 28
Nicky Schulweis,034791-975 3739
Eileen Spearin,04236576-19-3
Warner Cotty,046981-187387
Gita Hogle,035 54-61 07
Isa Debiasio,089869-67-34
Manie Colafrancesco,042955475
Kraig Millsap,0647-94-36-43
Armando Nass,09612 03 2395
Lou Mou,0682 037-191
Erwin Halferty,0742-509 53 41
Desmond Ruano,0845926-37 39
Lawrence Bottom,010052-85-92
Colette Irmeger,061 832 07-35
Holley Mandrell,042360 05232 14
Latrisha Trotman,003597 69170 74
Dorsey Bertling,02056207 451
Ronny Knoth,08302 032-61-50
Sondra Spilker,071 765-53-80
Theodore Ty,07814 352-7 85
Donald Borgman,0643 19 4761
Cortez Rodeheaver,0297625-9 65
Tracy Weisenfels,06304-62 60
Wilbert Cardonia,0543615 01 62
Soila Queja,047-8091037
Evelina Barge,0972 160 20 2
Tisha Mccarry,090073-63-42
Lyle Shute,03041412-64-8
Yoshie Nyman,0837-075-3183
Dee Lonsdale,0016970-5292
Chester Dignan,010784-50 5-0
Terrence Moorehouse,0051784-62 68
Bruno Polaco,0728 45630-31
Jannie Tinner,02 01274-95
Kelsi Babauta,00149 0745790
Mariano Sporn,010942 624 48
Vilma Dunlow,091678-409-71 9
Michael Mcmannus,0273 03 0415
Lucinda Mcumber,0762895-509
Harold Gave,071346 8-01
Regina Ancheta,08106068-20-63
Kraig Ezzell,081907453 96-3
Lamont Bloodgood,009-71 5-42
Rueben Erdman,047359 135643
Sterling Teeter,0869 90-83 89
Ross Heikkila,048026 473-5-45
Rima Drew,068 951 175
Deann Mess,0658-795165
Diego Bear,001-942-0543
Dustin Rozanski,042958921243
Jacqulyn Hemond,080-786-40-72
Shawnda Gubler,0531567096
Erwin Lovecchio,030-307-038
Tena Leonardis,082814-368
Ervin Blanck,015 371-61 80
Benedict Pennino,06971-03521-84
Shera Berenbaum,0325 53 35 9
Romaine Hillburg,0037853-91
Signe Eberwein,0081-182 2460
Lowell Gately,09452-82783
Buck Dacunha,043 46 3 9
Birgit Neel,03418-8419 76
Vinnie Kulp,036-21-91-4
Spring Bayer,0796-859-58-56
Hien Cake,053718-67936-7
Rupert Scahill,0856-90 58-0
Darnell Brzoska,058215 28 60
Laurice Heikes,05063-4730825
Jesus Clarno,02115 0-04
Yevette Hayduk,016069-9854
Cole Mangrich,0904754-64-34
Lindsay Willeford,01506921 98-5
Hilde Shield,0936963-914
Claudie Riska,098-367 82 27
Conchita Tyre,02843 97001 70
Ligia Overmeyer,08791 8686 73
Alma Hilgefort,080246 506-81-12
Lashaun Wilcox,058284 91 40
Anderson Voller,040507 6432
Claudio Reveal,09-497 1045
Arron Zari,031486 70 35
Carolee Donate,006 328-19 97
Suzan Botkin,04607 07-4
Junior Hugley,085012 247150
Treasa Standiford,067927 16-67
Leigh Rigaud,064103 5145
Shantae Casparian,020935462942
Donald Scheidel,048-327-217
Darwin Sheroan,0936-319-6 34
Gema Kitchell,0926 3401060
Tracy Bandle,0596 4287169
Karissa Scoggan,023 4059632
Gerardo Lauritsen,0576582-9 40
Filiberto Engelbrecht,02389 2783 81
Lyle Joeckel,05092092-89
Jame Atterson,026-265 81 21
Arnold Thronton,026 693 79-94
Kirsten Satterthwaite,057846041-2
Rory Rea,0759-435 5-52
Jared Lafoy,00768 27-853
Gene Fujimoto,013 02690 23
Libbie Mais,0746340-28-58
Latrice Christescu,049-32-143
Francis Shew,05149 625 38-07
Ezequiel Driggars,0899405 57
Mac Ralph,07631-9732-1
Adolph Chesser,09745-819-3 9
Lucila Bigalk,034 281-6775
Alfredia Bridger,0836-954-65 64
Leta Schlag,023-176 35-83
Garret Dumay,09724 857-6531
Alvin Durrani,0638-263-62-3
Charise Ulstad,03009382 14
Breanne Delcolle,007320564-86
Eldora Yamazaki,0608-584 92-12
Wally Allery,09348 57-70 43
Jarvis Munez,093208-2136979
Tamera Calwell,07535040 68
Adena Helble,02933816104
Tracie Cambell,02890 38 2836
Harvey Blount,025045917-21
Antionette Bogue,0163-452 69 6
Shakita Demiel,089-84041-20
Mirtha Salaam,02437 0642550
Moshe Bridger,03-307-52 72
Santos Broder,0764267-6 68
Omer Brogan,04360779 6
Kirby Leyson,06287 485 34 84
Sherlene Ozment,0528 95-36-91
Sam Bungo,0934982-46 19
Josiah Maggs,007345 491-57 29
Ben Arevalos,006 246 98-58
Bertram Prillaman,00756-1232-09
Vonnie Audain,09805767 09
Jestine Fringer,0830-26-94-18
Rodolfo Casal,009-914 2037
Aubrey Creasy,007562 7915 85
Glenn Tritch,004 0455-89
Yael Aceves,0730 6847 03
Renay Hernandaz,05907-086-38-86
Elda Keough,043832706-15
Brenda Cellucci,087 170 5270
Caleb Leftridge,023645-018 180
Quincy Seabrook,0782 949-82
Ella Alavi,02168560 68
Moshe Livingston,073298-248-67-39
Amie Deslandes,0572651-60 21
Krystin Kempen,07609468-96
Bryanna Peragine,0351 29472-75
Lance Smtih,070-93 2183
Rubin Hirsbrunner,040857-497-20 51
Kim Valsin,07165 649-9 68
Jeffrey Mccrossen,042412316
Candi Mallek,0156-04551 69
Dewitt Espinola,05378 450-398
Agnes Cunning,042 940 73-28
Natashia Maize,00931979-68
Nita Yearsley,04631585-86
Johnsie Dunwoody,0486-158 57 6
Jed Manetta,061840935 4-68
Rene Lineberry,0586915027 96
Duane Wortham,09181370-07
Marceline Varley,0467 36183 28
Jed Strieker,0608 93880-36
Rolf Grames,092-0707 67
Lucius Strande,028 98556-20
Merle Colson,05267-658-8 07
Rocio Poblete,067-4027156
Jeanine Lamonda,062359 309-26-47
Hong Bolte,0190878419-03
Donn Loveday,05139 634 3 95
Meg Cauley,0802 374 27 78
Gilda Conlan,00-43 85 16
Matt Bizub,029743-1340
Alycia Coultrap,0208 1048
Jamaal Vanhofwegen,05362 56 26 92
Fredrick Feinstein,064 89 60 91
Darrick Keedah,0415-03 35-73
Evon Brinks,0239-29132 54
Elvin Baddley,0740516903 17
Kimberly Gehlhausen,0246 2629-21
Oralee Bryand,05839 013-07
Hipolito Sloss,007-4968406
Cruz Boord,01398-39038-32
Alma Guyton,05739-862-26 61
Damien Wisnieski,076528 125 34-18
Tracey Benham,05432-601919
Librada Hoeck,00378-062 10 03
Hubert Abel,015 346 036
Lissa Rissler,009769-45-0
Shalon Ambers,0840-105 58 13
Anjanette Millhouse,04775627-03
Nestor Willenbrink,078-846-79-94
Lanny Sours,0956-036 5032
Hassan Ridenhour,002-7227 3
Jaime Brunnett,049156-28-79
Iva Caamano,03801 51-542
Spring Ellerd,08579-123 982
Nicholas Vanacore,0943-5146-62
Sophie Perrien,0792073643-79
Shantel Loan,029-017166
Kirstin Zieba,0471 86 04 8
Summer Buran,037-438-7807
Virgie Waterbury,04 5925-74
Dorothea Rassel,093032 10-48
Isaiah Mynhier,00263-382-86-75
Carrie Rickards,08204675-32
Marybelle Kehn,056391461734
Humberto Rowlands,072 723541
Renna Olofson,072540074 5076
Toccara Dierking,097 97-1287
Mark Powanda,036892 783 73 5
Catrina Frumkin,049-345 1 1
Vito Sciarra,0058 13486
Bryce Lasky,08179-7 7
Ronald Catoe,02106 2588007
Reinaldo Klish,09023-50 05
Simona Anzaldo,0810 817-75-63
Raquel Parcel,06348 04-34 32
Charlie Chenette,0187401-65-3
Hong Bowan,08566248-86
Ernest Rickmon,0425172 8480
Minda Wege,0197-981 52 71
Murray Bemrose,02963-958 79 72
Claude Prock,052 372 565
Stan Gabrielli,0972 650-4201
Kortney Utter,02-654-5916
Elois Bettle,047251635 6 0
Julian Ellenbecker,0632182 54-32
January Astacio,0395-10 9561
Dakota Manfredonia,065 416 32-9
Ernesto Demichiel,02769165 9272
Valentine Sieracki,0473730-352
Coleman Wascher,04350 715-86 21
Garrett Franckowiak,08745 41 069
Jarrett Staniford,090-260-21-27
Brittny Fullam,062 301987
Judie Glende,0692-974378
Coral Keenum,023178 457
Lakita Cossio,00976-417 85 4
Ana Seltzer,097802186-239
Winford Winebrenner,09420 59042-29
Mandi Frantz,087783-7349
Etha Dunmore,016 36 37-13
Dee Deman,09702 9286-69
Antoine Search,008482665 2
Derrick Hillan,03159 059-46-56
Micheline Lauricella,01245 49 58-92
Pedro Dieteman,085430 24546 61
Georgiana Kenwood,034-235 7584
Mariela Zuhlke,0625676-15
Latashia Barras,018900763991
Aurelio Steadman,0701023-8432
Al Mestad,046-10 8587
Filiberto Pawlik,0407 501-9084
Ariana Rager,06-894 382
Wilson Longiotti,0583947 36-17
Andrew Bentley,078 410 75 63
Kraig Schurg,0280 794-850
Dewitt Serafin,0903-2842 81
Lane Christen,08520 196 753
Hunter Hillie,0410768721
Richie Patino,0540 387 7959
Edmund Mcclaskey,0624059 4902
Leonel Wisman,0745-569-6 90
Lamonica Hayzlett,07869-92-5 97
Audrey Dimatteo,045673 021-13-43
Billie Coppolino,050391 71-1973
Theresia Swanton,00214-452 10-71
Gerald Storms,06278458908-32
Fran Linscomb,068-094-8661
Evia Saggio,08976935 90 65
Donnie Jurkowski,00842-29-37-24
Hanh Norstrom,037812-572 0-03
Wilson Juran,01875-37-9568
Randell Lauth,0410-271-01-89
Nigel Hutchinson,0138-59-991
Reyna Shark,071 862 25-27
Ariana Labor,091704-31-9832
Christene Swecker,037462-015-03-30
Cary Teele,06507 29869 15
Leandro Randel,03699141 24
Vaughn Pavlock,07326 93487-60
Dick Ramiro,069728 4-6
Idell Valle,048 576-53 71
Ervin Beatrice,02968 09675 68
Norbert Kascak,0431 153-93-05
Bethany Briere,00734 614 42 03
Barrett Mentnech,06235 47-93 95
Carlos Dine,0135196 10-71
Gale Hudgens,0648-038 4038
Bruna Goepfert,051974673 02
Marvin Pointon,054 769-68 63
Lisbeth Boerboom,0012 260-24 39
Ollie Longfellow,043295840
Joeann Buffington,05951217 26
Norbert Schepp,039-052-395
Mirian Mussel,0178-735 15 37
Dennise Ososkie,05601 69567-74
Olin Doolin,0168 732-52-03
Stephania Goodly,0356 82 37-84
Arline Burgess,009-2839169
Val Yamat,03661-01 95
Raymond Overpeck,03685671097
Markus Jebbett,0834 561 45-5
John Rombach,06091-413144
Damion Fechner,03471 50 31-25
Heide Berthiaume,0429-54721-68
Clora Desir,002929642 58
Bridgett Hemple,074019 450 26 21
Stewart Walmer,0023886-24-86
Julietta Culcasi,0805-514595
Chae Michaux,04198 09460-71
Caleb Clagett,05819 369 4-58
Alonso Magelssen,073503 198
Marchelle Carmichael,016293-890 29 31
Dani Jobin,028191 41-18
Zola Burrall,05729 586-15-86
Bess Grisanti,08279 6834717
Johnathon Thai,09356-709-8315
Amber Anselmi,001323086-87
Marti Striplin,021060278 39
Colby Blanco,07092-19286 71
Joan Canes,089-237-59-67
Leonie Wyrosdick,0827 07-4336
Maynard Falks,0968 96381 09
Heidy Leuck,09 582-4578
Lacy Nin,09502570 5 3
Thora Tobery,05607 749296
Charlyn Barba,096-6244340
Graham Pagliuca,06743 561 73 64
Chauncey Riniker,0638 25-6967
Jutta Gruenwald,09865 384-072
Sung Ohlsen,070 30 52-93
Lura Emlay,027-178 34 34
Antione Cerutti,08749-47 579
Florrie Bloch,0059879 4085
Napoleon Carlee,0058-617-17-37
Colby Hittson,079160-231 5236
Karly Ream,061854 0462487
Enrique Langlo,03548-94 76-86
Salvatore Stansbery,0571872 985
Dexter Furbee,03609 029 6 3
Deloris Herzig,0452-490-29 58
Desire Welte,085419-7564683
Blake Souther,03208-308-82-20
Maybelle Stalker,098028954824
Anasta...